surface,transport,role,axis,current_state,test_file,gap,severity,action
SMPP bind_transmitter,SMPP,client,A6-auth,BROKEN,,password ignored - system_id only,critical,plan:docs/superpowers/plans/2026-04-21-fix-smpp-auth-password.md
SMPP bind_transmitter,SMPP,subaccount_child,A6-auth,BROKEN,,password ignored - system_id only,critical,plan:docs/superpowers/plans/2026-04-21-fix-smpp-auth-password.md
SMPP bind_transmitter,SMPP,subaccount_parent,A6-auth,BROKEN,,password ignored - system_id only,critical,plan:docs/superpowers/plans/2026-04-21-fix-smpp-auth-password.md
SMPP bind_receiver,SMPP,client,A6-auth,BROKEN,,password ignored - system_id only,critical,plan:docs/superpowers/plans/2026-04-21-fix-smpp-auth-password.md
SMPP bind_receiver,SMPP,subaccount_child,A6-auth,BROKEN,,password ignored - system_id only,critical,plan:docs/superpowers/plans/2026-04-21-fix-smpp-auth-password.md
SMPP bind_receiver,SMPP,subaccount_parent,A6-auth,BROKEN,,password ignored - system_id only,critical,plan:docs/superpowers/plans/2026-04-21-fix-smpp-auth-password.md
SMPP bind_transceiver,SMPP,client,A6-auth,BROKEN,,password ignored - system_id only,critical,plan:docs/superpowers/plans/2026-04-21-fix-smpp-auth-password.md
SMPP bind_transceiver,SMPP,subaccount_child,A6-auth,BROKEN,,password ignored - system_id only,critical,plan:docs/superpowers/plans/2026-04-21-fix-smpp-auth-password.md
SMPP bind_transceiver,SMPP,subaccount_parent,A6-auth,BROKEN,,password ignored - system_id only,critical,plan:docs/superpowers/plans/2026-04-21-fix-smpp-auth-password.md
